TrumpDailyTweet	83
HydroElections	45
FinalHorcrux	35
WebDesignEA	30
CNNsWorld	29
writerforhire	23
robertad1202	23
SteamDevelopers	23
james1neva	21
NYhatesTrump	20
Amb0306	20
grandpooba5440	19
funfany21	19
corrigan_david	19
JohnTrumpFanKJV	19
usatrueamerican	18
marcylauren	18
kikissalon1	18
judith_forex	18
VenusVegas1988	18
GabrielAlon	18
wikitrendsUS	17
spamDonaldTrump	17
mrthriller5	17
aerdt	17
_breitbot_	17
TomthunkitsMind	17
Sephiroth__J	17
EggRetweet	17
suejohnston56	16
onevoice2	16
jcr914	16
angrycatss	16
WhatsTreding	16
DeplorableDanna	16
neptuno30	15
lkjtexas	15
dianez123	15
constitutionB0t	15
Native1968	15
LisaHauser8	15
Davewellwisher	15
CrazyCatLadyFL	15
varels_Mega	14
shaker0309	14
rjber15	14
painter87048	14
lucasfrance1	14
grannynannynews	14
graceinyerface	14
cj_disabled	14
_fck_trump	14
KathyStricker2	14
IvankaLovers	14
EP_EEUU_News	14
BarnettTrump	14
ukexpat19	13
seamanfred691	13
lynn_weiser	13
crazylary51	13
arealamericanUS	13
WeinfeldRuth	13
USGovReport	13
Report24CA	13
POTUSstinks	13
Mrsmaxdewinter	13
LindaLawrey	13
JoelieC48Kerr	13
GirlForTrumpNew	13
GGG_says	13
FreedomToResist	13
EmmaMAGA_	13
ClipnerKevin	13
AshaiDeplo	13
4th_JULY_	13
timgw37	12
textifyer59	12
kimberlyn_deplo	12
helmuth_bh	12
googletrendings	12
glpiman	12
Wellness4You13	12
RosalesRosina	12
NewsDeplorable	12
MagaWithTrump	12
MAGA_Sally_USA	12
MAGASupporters	12
KatieUS_MAGA_	12
Jamestoupin	12
Dylanesque2604	12
DeplorableJimbo	12
AshleyFisher_US	12
79topper	12
usajoeysmith	11
ungubunugu1274	11
thejossgroup	11
sddphoto	11
mtighe15	11
missb62	11
mhduff61	11
